epoch,train_loss,val_loss,val_metric
1,0.6752,0.6771,0.5500
2,0.6636,0.6657,0.6250
3,0.6524,0.6548,0.6250
4,0.6418,0.6444,0.6250
5,0.6315,0.6345,0.6750
6,0.6217,0.6248,0.7250
7,0.6121,0.6155,0.7250
8,0.6031,0.6064,0.7750
9,0.5939,0.5976,0.8250
10,0.5851,0.5890,0.8250
11,0.5765,0.5805,0.8250
12,0.5681,0.5721,0.8250
13,0.5596,0.5640,0.8500
14,0.5515,0.5560,0.8500
15,0.5435,0.5481,0.8500
16,0.5356,0.5403,0.8500
17,0.5277,0.5326,0.8500
18,0.5201,0.5250,0.8500
19,0.5125,0.5176,0.8500
20,0.5051,0.5102,0.8500
